"date","time","tweet","year_month","year"
2023-01-01,"","resuelto gracias excelente servicio siempre","2023_01","2023"
2023-01-02,"","gracias espero dm","2023_01","2023"
2023-01-02,"","gracias","2023_01","2023"
2023-01-02,"","similar paso queria renovar token poder hacer transferencia cerrar cuenta wow mas facil sacar dinero ventanilla","2023_01","2023"
2023-01-02,"","yeeeei traves cuenta acabo contratar cuenta ahorro reto tener mil pesos final ao super herramienta domiciliar cuenta eje asi ahorrar disciplinadamente semana vamos ","2023_01","2023"
2023-01-02,"","seal necesitan tener minimo dinero banamex","2023_01","2023"
2023-01-03,"","gracias ","2023_01","2023"
2023-01-03,"","gracias ","2023_01","2023"
2023-01-03,"","recomiendo inversion mejores rendimientos visto plazo dias tambien chingon limite k inverson","2023_01","2023"
2023-01-04,"","gracias playera dieron galerias gdl","2023_01","2023"
2023-01-04,"","buen diatengo problemas cuenta","2023_01","2023"
2023-01-05,"","gracias","2023_01","2023"
2023-01-05,"","respetos gracias servicio ","2023_01","2023"
2023-01-05,"","bloquee desbloquee pude hacer deposito oxxo gracias","2023_01","2023"
2023-01-06,"","bien gracias ","2023_01","2023"
2023-01-06,"","milagro gano ","2023_01","2023"
2023-01-06,"","siii amigo jajaja padre puedes inveir da buen rendimiento ","2023_01","2023"
2023-01-06,"","nunca habia ganado hahaha","2023_01","2023"
2023-01-06,"","cashback pude pagar servicio internet yei ","2023_01","2023"
2023-01-07,"","gracias","2023_01","2023"
2023-01-07,"","listo gracias","2023_01","2023"
2023-01-07,"","gracias","2023_01","2023"
2023-01-08,"","llego semana despues aprox","2023_01","2023"
2023-01-09,"","hola buen dia dudas cuenta podrian ponerse contacto gracias","2023_01","2023"
2023-01-10,"","gracias","2023_01","2023"
2023-01-10,"","gracias ","2023_01","2023"
2023-01-10,"","bloquea tarjeta minutos mas posteriomente vuelves desbloquear agregas solucion confirmas tweet favor","2023_01","2023"
2023-01-10,"","udis todas plataformas inveido mejores finsus cetes largo plazo mejor opcion fondo emergencia liquidez semanal finsus rededor poafolio","2023_01","2023"
2023-01-11,"","excelente gracias responder atentos ","2023_01","2023"
2023-01-11,"","pues bueno quede cena gracias ","2023_01","2023"
2023-01-11,"","gracias igualmente bendiciones ","2023_01","2023"
2023-01-11,"","vale esperando","2023_01","2023"
2023-01-11,"","gracias espero respuesta","2023_01","2023"
2023-01-13,"","gane pesitos credito amazon coesia agradables sujetos ","2023_01","2023"
2023-01-13,"","mejor","2023_01","2023"
2023-01-13,"","contestenme favor","2023_01","2023"
2023-01-14,"","gracias amables ","2023_01","2023"
2023-01-14,"","aos cliente bancomer encontre verdad agusto servicios app tarjetas debito credito","2023_01","2023"
2023-01-14,"","amigos mande dm gracias","2023_01","2023"
2023-01-14,"","solicito ayuda gracias","2023_01","2023"
2023-01-15,"","graciasya respondiquedo atenta","2023_01","2023"
2023-01-16,"","va gracias","2023_01","2023"
2023-01-16,"","pique gracias","2023_01","2023"
2023-01-16,"","planeacion temporada equipos gracias ocnfianza dia viene bomba patrocinio vamos dobletedavilacarloss","2023_01","2023"
2023-01-16,"","","2023_01","2023"
2023-01-17,"","gracias","2023_01","2023"
2023-01-17,"","thanks","2023_01","2023"
2023-01-17,"","gracias","2023_01","2023"
2023-01-17,"","gracias ayudo suficiente cargo procedio poaron bn aun pude comunicar telefono amables mil gracias interes hizo cargo","2023_01","2023"
2023-01-17,"","increible gracias heybancoheybanco","2023_01","2023"
2023-01-17,"","contestaron","2023_01","2023"
2023-01-18,"","gracias","2023_01","2023"
2023-01-18,"","gracias","2023_01","2023"
2023-01-18,"","graciaaas","2023_01","2023"
2023-01-18,"","gracias pendienteestoy segura va poner pilas lleguen incentivos estare pidiendo apoyo","2023_01","2023"
2023-01-18,"","sexta opcion opcion mejores pagare dias mejor mercado tasa anual inversion aqui plan metas dan rendimiento mes vencido dinero disponible momento","2023_01","2023"
2023-01-18,""," buena onda vos david disfrutarlo","2023_01","2023"
2023-01-19,"","gracias","2023_01","2023"
2023-01-19,"","hola pueden apoyar favor ","2023_01","2023"
2023-01-19,"","agradece aviso ","2023_01","2023"
2023-01-19,"","gracias reflejado solucionado gracias","2023_01","2023"
2023-01-20,"","listo gracias","2023_01","2023"
2023-01-20,"","gracias","2023_01","2023"
2023-01-20,"","tkm ","2023_01","2023"
2023-01-20,"","coesia animense sacar cuenta gracias regalo cneiaokii","2023_01","2023"
2023-01-20,"","cof cof tambien ","2023_01","2023"
2023-01-20,"","super recomiendo cobran plastico","2023_01","2023"
2023-01-20,"","afounadamente mexico da cuenta ","2023_01","2023"
2023-01-21,"","gracias darme respuesta soluciono problema excelente dia","2023_01","2023"
2023-01-23,"","gracias ","2023_01","2023"
2023-01-23,"","gracias equipo ayudo resolver problema dieron recompensa gane","2023_01","2023"
2023-01-23,"","gracias mes toco boletodorado","2023_01","2023"
2023-01-23,"","bello","2023_01","2023"
2023-01-23,"","aun esperanza congrats ","2023_01","2023"
2023-01-24,"","gracias ","2023_01","2023"
2023-01-24,"","gracias","2023_01","2023"
2023-01-24,"","gracias ","2023_01","2023"
2023-01-24,"","gracias premio boletodorado canjee tarjeta regalo","2023_01","2023"
2023-01-24,"","tio gracias boleto dorado fin toco","2023_01","2023"
2023-01-24,"","mames buena suee","2023_01","2023"
2023-01-24,"","segundo premio espero lleguen mas","2023_01","2023"
2023-01-25,"","gracias","2023_01","2023"
2023-01-25,"","gracias ","2023_01","2023"
2023-01-25,"","hola beneficia usuarios","2023_01","2023"
2023-01-26,"","gracias apoyo seguimiento","2023_01","2023"
2023-01-26,"","gracias tio ayuda bastante","2023_01","2023"
2023-01-26,"","gracias mes gratis","2023_01","2023"
2023-01-27,"","gracias resolvio saludos","2023_01","2023"
2023-01-27,"","vale gracias ","2023_01","2023"
2023-01-27,"","funciono cayo segundos raro gracias","2023_01","2023"
2023-01-27,"","hola escribi dm par dudas tdcgracias","2023_01","2023"
2023-01-27,"","gracias pae fc barcelona","2023_01","2023"
2023-01-27,"","daran credito tradicional llevo mas ao tarjeta credito garantia cumplido pagos tiempo forma","2023_01","2023"
2023-01-28,"","ok gracias","2023_01","2023"
2023-01-28,"","despues ao probando tarjeta credito puedo decir buena hablar cuenta debito realmente temas seguridad transacciones top tqm","2023_01","2023"
2023-01-28,"","amistad usa usas tarjeta veces mes compras pesos vuelves heypro inversion da rendimiento anual super super bien comparacion bancos inveir aos allianz explico prima suena rebien","2023_01","2023"
2023-01-28,"","excelente","2023_01","2023"
2023-01-29,"","gane premios","2023_01","2023"
2023-01-29,"","amiga explicame","2023_01","2023"
2023-01-30,"","gracias informacion","2023_01","2023"
2023-01-30,"","thanku","2023_01","2023"
2023-01-30,"","vientos gracias","2023_01","2023"
2023-01-30,"","encantaria presumir premio boleto dorado existiera","2023_01","2023"
2023-01-31,"","pueden proporcionar link invitar mas gente tener beneficiogracias","2023_01","2023"
2023-02-01,"","gracias ","2023_02","2023"
2023-02-01,"","gracias checo","2023_02","2023"
2023-02-01,"","habra viaje financiero buena informacion","2023_02","2023"
2023-02-01,"","gracias dato soeo ","2023_02","2023"
2023-02-01,"","buen dia mepueden ayudar realizaron deposito cuenta credito necesito credito","2023_02","2023"
2023-02-02,"","gracias","2023_02","2023"
2023-02-02,"","gracias soluciono buenas tardes","2023_02","2023"
2023-02-02,"","realizaregracias","2023_02","2023"
2023-02-02,"","diciembre gane tarjeta regalo amazon ticket dorado compre estose emociona seora","2023_02","2023"
2023-02-03,"","funciono mil gracias","2023_02","2023"
2023-02-03,"","gracias necesario buena opcion momento problemas graves adaptarme procesos aun asi creo van buen camino aunque ocasiones hagan enojar","2023_02","2023"
2023-02-04,"","mmm da rendimiento buena opcion","2023_02","2023"
2023-02-04,"","gracias aumento credito tarjeta contenta servicios ","2023_02","2023"
2023-02-05,"","hablando ajolotes sacara tarjeta encanto ","2023_02","2023"
2023-02-07,"","seria mejor tdc pudiera realizar pagos adelantado meses intereses cuentas opcion excelente usuarios","2023_02","2023"
2023-02-08,"","casi rindo obtuve ayuda equipo sopoe afounadamente alguien aqui refirio twitter enviale mensaje privado arreglo gracias contactalo","2023_02","2023"
2023-02-08,"","gracias mejor ","2023_02","2023"
2023-02-10,"","pagares semanales anual semana obtienes rendimientos puedes reinveir siguiente pagare forma automatica generas interes compuesto rapido muchisimo mejor anual cetes","2023_02","2023"
2023-02-11,"","gracias","2023_02","2023"
2023-02-11,"","solucionado gracias","2023_02","2023"
2023-02-11,"","alch hechate investigadas cetes gmb cetes ocupas investigar chido seguro dinero seguro rapido","2023_02","2023"
2023-02-11,"","excelente servicio atencion clientes ","2023_02","2023"
2023-02-11,"","primera vez gane boleto dorado dor quiero ","2023_02","2023"
2023-02-13,"","ok gracias ","2023_02","2023"
2023-02-13,"","gracias duda","2023_02","2023"
2023-02-13,"","gracias formar pae gran familia","2023_02","2023"
2023-02-13,"","despues hoy vida favorito dijeron ten tarjeta regalo eches starbucks relajes rato","2023_02","2023"
2023-02-14,""," recomendado vdd","2023_02","2023"
2023-02-14,"","ver fit viable seguros vida ","2023_02","2023"
2023-02-14,"","interesante encontre permisos utiliza aplicacion activada necesitan","2023_02","2023"
2023-02-15,""," gracias ","2023_02","2023"
2023-02-15,"","hola intenta telefono correo imagen app verdad problemas","2023_02","2023"
2023-02-15,"","hola ocupo ayuda cambio numero celular token","2023_02","2023"
2023-02-16,"","eh pensado cambiar nomina agustoque bueno dicen sacar tarjeta ahi","2023_02","2023"
2023-02-16,"","gracias vi relacion transferencias internacionales veo informacion","2023_02","2023"
2023-02-16,"","pues mas vale verdad","2023_02","2023"
2023-02-16,"","listo","2023_02","2023"
2023-02-17,"","acaba llegar constancia fiscal ao pasado gane nomas tener dinero guardado ","2023_02","2023"
2023-02-17,"","jamas menos amex primera anualidad gratis da beneficios compras primer ao bonos","2023_02","2023"
2023-02-17,"","gracias respuesta estare pendiente","2023_02","2023"
2023-02-18,"","hola buenas tardes","2023_02","2023"
2023-02-18,"","buen dia gracias respondi dm tarde pense respondian noche hehe","2023_02","2023"
2023-02-20,"","gracias","2023_02","2023"
2023-02-20,"","tqm gracias poner retiros cajeros hsbc q mas cerquita","2023_02","2023"
2023-02-21,"","hola","2023_02","2023"
2023-02-23,"","saludos","2023_02","2023"
2023-02-23,"","real tarjeta neta general ","2023_02","2023"
2023-02-23,""," cuenta nunca pedi fisica pedire gracias recomendacion ","2023_02","2023"
2023-02-23,"","puedo inveir genera ganancias","2023_02","2023"
2023-02-24,"","bueno perdi tarjeta necesitaba nueva diseo","2023_02","2023"
2023-02-24,"","tqm mejores bancos producto tdc pagares bancarios inveir ademas sabe ando foraneo regalo dinerito amazon boleto dorado","2023_02","2023"
2023-02-24,"","hola buen dia solicitar tarjeta diseo nuevo utilizarlarecien llegarme metalica embargo atraen diseos coleccionable quisiera pedir perder metal","2023_02","2023"
2023-02-25,"","gracias ahorita amo ","2023_02","2023"
2023-02-26,"","gracias bro","2023_02","2023"
2023-02-26,"","gracias envie","2023_02","2023"
2023-02-26,"","gracias responder quedo espera solucion problema","2023_02","2023"
2023-02-26,"","hice varias transferencias rato bien","2023_02","2023"
2023-02-26,"","veces cuestion limpiar chip pasarla asi solucionado inconveniente","2023_02","2023"
2023-02-26,"","contesta compairles colaboracion hice","2023_02","2023"
2023-02-26,"","ah gracias mencionas evidente relevancia excelente comentario","2023_02","2023"
2023-02-26,"","agradecemos comprension jaja increible","2023_02","2023"
2023-02-26,"","correcto bbva bbva problemas avisaron aproximadamente","2023_02","2023"
2023-02-27,"","gracias respondi","2023_02","2023"
2023-02-27,"","listo gracias","2023_02","2023"
2023-02-27,"","perfecto gracias ","2023_02","2023"
2023-02-27,"","tremenda sabiduria quede anonadado mensaje creia cantidad ponia garantia utilizaba nios alimento indigentes despues entregaban tarjeta credito tremenda explicacion","2023_02","2023"
2023-02-27,"","padrisima tarjeta","2023_02","2023"
2023-02-27,"","bonito considerar adquirir tarjeta","2023_02","2023"
2023-02-27,"","gracias mande datos tarjeta","2023_02","2023"
2023-02-27,"","problema","2023_02","2023"
2023-02-27,"","problema falla dalay","2023_02","2023"
2023-02-27,"","pf sigues intermitencias bbva problema","2023_02","2023"
2023-02-27,"","primera habia chichen itza esperando modelo bonito tambien","2023_02","2023"
2023-02-27,"","bbva bancoppel dos trabajan perfeccion","2023_02","2023"
2023-02-27,"","entiendo agradezco comentario sugerencia gustaria recibir notificacion correo texto servicio estara disponible caer situacion sirve mucha utilidad tarjeta gustaria seguir","2023_02","2023"
2023-02-27,"","bien ","2023_02","2023"
2023-02-28,"","siento poderosa gracias contenta ","2023_02","2023"
2023-02-28,"","bien","2023_02","2023"
2023-02-28,"","maravilla servicio eficiente app primera altamente recomendable","2023_02","2023"
2023-02-28,"","ay mia diseo super cool ","2023_02","2023"
2023-03-01,"","animense casi ao tarjeta credito heygarantizada problemas incluyendo extranjero","2023_03","2023"
2023-03-02,"","gracias segun recuerdo habia dia activar volvere hacerlo tdd tdc gracias","2023_03","2023"
2023-03-02,"","exito","2023_03","2023"
2023-03-02,""," recomendadisimas pd yotepresto ladrillos hechoenjalisco","2023_03","2023"
2023-03-03,"","hola gracias respuesta dm indicaron logre hacer movimiento requeria","2023_03","2023"
2023-03-03,"","manifiesto hoy sali enmoradisima subi asi casi voy dar vuelta hermosisimo carro haganme buena","2023_03","2023"
2023-03-03,"","resolvio actualizacion app gracias tambien sirvio dm ","2023_03","2023"
2023-03-03,"","verdad estan bien","2023_03","2023"
2023-03-03,"","definitivamente","2023_03","2023"
2023-03-04,"","gracias secuestrar plata ahorro bitcoin fixes this literalmente salva ","2023_03","2023"
2023-03-04,"","gracias transferencia aplicada dia siguiente","2023_03","2023"
2023-03-06,"","gracias resolvi jajaja equivoque","2023_03","2023"
2023-03-06,"","quedo aclarado tema gracias","2023_03","2023"
2023-03-07,"","bank run","2023_03","2023"
2023-03-07,"","respondi privado saludos","2023_03","2023"
2023-03-07,"","bueno saberlo","2023_03","2023"
2023-03-08,"","gracias informacion ","2023_03","2023"
2023-03-08,"","gracias","2023_03","2023"
2023-03-08,"","listo","2023_03","2023"
2023-03-08,"","asi da bienvenida tarjeta metal aun beneficios adicionales ","2023_03","2023"
2023-03-08,"","cayo app buena experiencia fallen necesita","2023_03","2023"
2023-03-08,"","verdad menos tedioso proceso hablar alguien agrada experiencia","2023_03","2023"
2023-03-09,"","gracias conteste","2023_03","2023"
2023-03-09,"","ayuda","2023_03","2023"
2023-03-09,"","gracias volvi contestar par horas","2023_03","2023"
2023-03-09,"","mas rapido marcar hacer caa hechos ponia datos queria cambiar hicieron fin pude instalar token chico atendio super bueno amable llama christhian hernandez ","2023_03","2023"
2023-03-10,"","avisan van quiebra sacar dinero inversion dias porfas gracias antemano amo ","2023_03","2023"
2023-03-11,"","yeah mejores pesar veto","2023_03","2023"
2023-03-12,"","gracias","2023_03","2023"
2023-03-12,"","solucionado gracias ","2023_03","2023"
2023-03-12,"","","2023_03","2023"
2023-03-13,"","gracias","2023_03","2023"
2023-03-13,"","gracias ","2023_03","2023"
2023-03-13,"","siguen hablando horario laboralel personal dhl descuide trabajo significa descuidar miosi van hablar despues hrs pmagradezco vez lean horario hablen puedo atender telefono","2023_03","2023"
2023-03-13,"","exacto puntos lealtad cambian tiendapor menos santander tienda tenia tecnologia aiculos hogar mejor cambien mas cashback","2023_03","2023"
2023-03-13,"","verdaderamente mejor tqm ","2023_03","2023"
2023-03-13,"","bueno pude","2023_03","2023"
2023-03-13,"","excelente","2023_03","2023"
2023-03-13,"","excelente","2023_03","2023"
2023-03-13,"","bien excelente","2023_03","2023"
2023-03-13,"","gane mes spotify usuario mejor cambien tarjeta gusta mas blanca negocio ","2023_03","2023"
2023-03-13,"","excelente eh trabajo varios aos perfecto","2023_03","2023"
2023-03-14,"","super ojala pueda corregido app entonces aparecio asi dias repente graciascc","2023_03","2023"
2023-03-14,"","wooow emocion","2023_03","2023"
2023-03-14,""," nunca gano nadapero hoy empeze bien dia ","2023_03","2023"
2023-03-14,"","exito","2023_03","2023"
2023-03-15,"","conteste gracias","2023_03","2023"
2023-03-15,"","listos ","2023_03","2023"
2023-03-15,"","gracias conoci use hoy dejo definitivamente mio recomiendo bancos fintech mexicano","2023_03","2023"
2023-03-15,"","cambiate momento mejor probado dan gastas dinero gratis siempre paga tiempo nunca paga intereses","2023_03","2023"
2023-03-15,"","wwwooowww maravilla felicidades supuesto ahi estare disfrutar chica dorada","2023_03","2023"
2023-03-15,"","verdad agradezco tarjeta debito necesito","2023_03","2023"
2023-03-16,"","gracias informacion ahi vemos junio","2023_03","2023"
2023-03-16,"","pues bueno ","2023_03","2023"
2023-03-16,"","dj increible","2023_03","2023"
2023-03-16,"","muchas graciasquedo esperasaludos","2023_03","2023"
2023-03-16,"","festival tercermundista felicidades","2023_03","2023"
2023-03-16,"","supermana hermosa ","2023_03","2023"
2023-03-17,"","gracias seguimiento","2023_03","2023"
2023-03-17,"","primera tdc thx","2023_03","2023"
2023-03-17,"","gracias respuesta","2023_03","2023"
2023-03-17,"","gracias espero pronta respuesta agradecimiento","2023_03","2023"
2023-03-17,"","sorprendido permite organicen cosas ","2023_03","2023"
2023-03-18,"","gracias siempre super buena rapida atencion pae","2023_03","2023"
2023-03-19,"","gracias ","2023_03","2023"
2023-03-21,"","hola quiero decirles gracias seguimiento problema token quedo resuelto buena atencion final problema pae sino operadora saludos","2023_03","2023"
2023-03-22,"","gracias","2023_03","2023"
2023-03-22,"","hagan sufrir mas dinamica tikitoki jajaja ","2023_03","2023"
2023-03-23,"","buen dia necesito ayuda","2023_03","2023"
2023-03-23,"","excelente servicio atencion clientes nunca cambien ","2023_03","2023"
2023-03-23,"","ojito ahi dinamicas dia hoy gane dinamica abono pal noe etiqueta","2023_03","2023"
2023-03-24,"","saludos bro gracias ver videos","2023_03","2023"
2023-03-24,"","gracias","2023_03","2023"
2023-03-24,"","gracias tocayo fan ","2023_03","2023"
2023-03-24,"","hola permiteme conocer mas caso via mensaje privado poder dae atencion necesaria rapida saludos","2023_03","2023"
2023-03-24,"","ojito ahi dinamicas dia hoy gane dinamica abono pal noe etiqueta","2023_03","2023"
2023-03-24,"","facil","2023_03","2023"
2023-03-25,"","gracias","2023_03","2023"
2023-03-25,"","hola ntp despues intentos pudieron asistir gracias","2023_03","2023"
2023-03-26,"","anualidad juntas k libre anualidad mejor pedazo metal visa standard","2023_03","2023"
2023-03-26,"","exacto todas duales","2023_03","2023"
2023-03-26,"","fondeadora metal world elite","2023_03","2023"
2023-03-28,"","ok gracias","2023_03","2023"
2023-03-28,"","gracias dios jajaja","2023_03","2023"
2023-03-28,"","igual amazon","2023_03","2023"
2023-03-28,"","this is the oppounity of lifetime gotta watch this web developers mev strategy video and learn how to make some serious cash with crypto","2023_03","2023"
2023-03-28,"","hombre merece mandes ademas grata felicitacion foto especial unica censura autografiada x diosa tw","2023_03","2023"
2023-03-28,"","dios pague hijos","2023_03","2023"
2023-03-28,"","mandamela llegar jajaja chido resolvio ","2023_03","2023"
2023-03-28,"","mando beso tronado apreton nalga angel argello dos horas resolvio asunto llevaba dias estancado agradecida ","2023_03","2023"
2023-03-29,"","habia dicho conozco angel timido gustas llegar presente","2023_03","2023"
2023-03-29,"","gracias recibi codigo ","2023_03","2023"
2023-03-29,"","agradecida mejor","2023_03","2023"
2023-03-29,"","tambien agradezco personas querido hacer donaciones vestuario duda agradezco aprecio enormemente gustan donar pueden hacerlo clabe nombre noris vargas g embargo tambien pueden","2023_03","2023"
2023-03-29,"","jajaja bien","2023_03","2023"
2023-03-29,"","ojito ahi dinamicas dia hoy gane dinamica abono pal noe etiqueta","2023_03","2023"
2023-03-29,"","amigues primera vez vida gane dinamica jajajajaja gracias gane pastel dinamica ","2023_03","2023"
2023-03-30,"","tantas juntas cashback viendo beneficios dan ganas sacar tarjetas amp","2023_03","2023"
2023-03-30,"","tambien agradezco personas querido hacer donaciones vestuario duda agradezco aprecio","2023_03","2023"
2023-03-31,"","gracias supongo asi semana santa correcto saludos","2023_03","2023"
2023-03-31,"","gracias estare pendiente responda","2023_03","2023"
2023-03-31,"","secreto contesten rapido cuento bebiendo ojala paguen resuelven super rapido","2023_03","2023"
2023-04-01,"","gracias","2023_04","2023"
2023-04-01,"","gracias comunique dieron folio seguimiento respecto situacion espera revuelva posible","2023_04","2023"
2023-04-03,"","gracias tamos readys palnoe ","2023_04","2023"
2023-04-03,"","bueno intento mas tarde gracias maite gusto saludae","2023_04","2023"
2023-04-03,"","habla numero tarjeta hice asi ningun problema espaa ","2023_04","2023"
2023-04-03,"","this web developers mev strategy is gamechanger hes making over eth per week and you need to learn how","2023_04","2023"
2023-04-04,"","cuento hice tampoco tenia historial tenia nubank ahi bien posterior realmente interesaba usar tarjetapero vi tenia pagare interesome registre cuenta solicite plastico","2023_04","2023"
2023-04-06,"","resolvi gracias","2023_04","2023"
2023-04-06,"","gracias darnos agita morir disenteria agua puerca bebedores ","2023_04","2023"
2023-04-08,"","buenas tardes","2023_04","2023"
2023-04-08,"","adivinen estoyque buena experiencia ","2023_04","2023"
2023-04-11,""," seguramente veremos dando mas noticias innovacion servicios generando mas competencia industria financiera beneficia usuariosbancadigital numexico innovacion competenciafinanciera fintech","2023_04","2023"
2023-04-11,""," gran ventaja experiencia aos mercado ganando terreno jovenes servicios patrocinar festivales musica permite crecer junto clientes","2023_04","2023"
2023-04-13,"","gracias volvi contestar dm","2023_04","2023"
2023-04-13,"","gracias solucionaron problema","2023_04","2023"
2023-04-14,"","gracias","2023_04","2023"
2023-04-14,"","gracias respuesta pronta","2023_04","2023"
2023-04-14,"","gracias pronta devolucion sirvio pagarle","2023_04","2023"
2023-04-15,"","gracias mando dm brevedad","2023_04","2023"
2023-04-15,"","ma gracias tio fantastico descuento checkup","2023_04","2023"
2023-04-17,"","super gracias","2023_04","2023"
2023-04-18,"","correcto esperare contacto pae arreglar situacion inversion pro ","2023_04","2023"
2023-04-19,"","gracias","2023_04","2023"
2023-04-19,"","excelente gracias sopoe tio igual manera quiero agregar error solucionado adicional dia recibi sms notificaban debido incidencia mostraba trabajando nuevamente gracias ","2023_04","2023"
2023-04-19,"","gracias voy comunicarme entonces","2023_04","2023"
2023-04-19,"","estan proceso resolver segun mensajes estan enviando saludos","2023_04","2023"
2023-05-12,"","gracias","2023_05","2023"
2023-05-12,"","llego gracias","2023_05","2023"
2023-05-12,"","gusto saludae erich ponemos disposicion cuenta correo electronico gusto atenderemos dudas escribenos asesoriacondusefgobmx recuerda condusef apoya","2023_05","2023"
2023-05-12,"","mejor lt","2023_05","2023"
2023-05-12,"","productos mas esperados ao youtube unboxing activacion pequea navegacion app tarjeta metalica compao link video tarjetadecredito","2023_05","2023"
2023-05-13,"","mejor visto","2023_05","2023"
2023-05-15,"","excelente gracias","2023_05","2023"
2023-05-15,"","gracias respuesta","2023_05","2023"
2023-05-15,"","llamar pelear resta tiempo kilos neuronas practicamente resta vida pitero","2023_05","2023"
2023-05-15,"","hola excelente tarde podrian ayudar mande dm favor gracias ","2023_05","2023"
2023-05-15,"","encanta manda notificacion cobro ","2023_05","2023"
2023-05-15,"","algun tiempo estimado respuesta","2023_05","2023"
2023-05-15,"","conociendo contrasea usuario entrar facilmente dispositivo llegue algun tipo notificacion via sms correo electronico sabes bien","2023_05","2023"
2023-05-15,"","explica","2023_05","2023"
2023-05-16,"","hola hoy maana tenia nuevo usuario funciono normalidad app","2023_05","2023"
2023-05-16,"","razon","2023_05","2023"
2023-05-16,"","garantia creo voy bien cuantos meses normales inversion nomina cuenta debitos ahi ","2023_05","2023"
2023-05-16,"","bueno cambie nomina","2023_05","2023"
2023-05-16,"","gracias avisar","2023_05","2023"
2023-05-16,"","buen dia envie mensaje espero puedan ayudar gracias","2023_05","2023"
2023-05-16,"","buenos dias vez mas sigo espera","2023_05","2023"
2023-05-17,"","gracias quedo resuelto","2023_05","2023"
2023-05-17,"","excelente mitad semanapara aun duda funciona tarjeta garantizada ","2023_05","2023"
2023-05-17,"","solicito apoyo","2023_05","2023"
2023-05-17,"","excelente mitad semanapara aun duda funciona tarjeta garantizada ","2023_05","2023"
2023-05-18,"","quedo gracias","2023_05","2023"
2023-05-18,"","tqm ","2023_05","2023"
2023-05-19,"","ok gracias","2023_05","2023"
2023-05-19,"","jajaja siii dias chale","2023_05","2023"
2023-05-19,"","resuelto gracias equipo","2023_05","2023"
2023-05-20,"","agradecido ayudaron aclaracion rapidisimo dia mas feliz haber dejado banca tradicional ","2023_05","2023"
2023-05-21,"","gracias ","2023_05","2023"
2023-05-21,"","hola buen dia","2023_05","2023"
2023-05-22,"","gracias ","2023_05","2023"
2023-05-22,"","listo enviado saludos","2023_05","2023"
2023-05-22,"","gusta bajarles mandado bancos espaoles dominan pais","2023_05","2023"
2023-05-23,"","presumiendo anual klar decide sacar tentador","2023_05","2023"
2023-05-23,"","resuelveme urge hacer compra","2023_05","2023"
2023-05-23,"","recomiendo ampliamente usen alternativas llamados bancos tradicionales bancos estan cobrando alguna comision tipo cuentas debito peor aun estan generando entonces estan lugar incorrecto","2023_05","2023"
2023-05-24,"","gracias saludos","2023_05","2023"
2023-05-24,"","bueno dijeron tenia marcar quedo","2023_05","2023"
2023-05-24,"","ay paso afounadamente jejeje","2023_05","2023"
2023-05-25,"","gracias respondi","2023_05","2023"
2023-05-25,"","jaja nel","2023_05","2023"
2023-05-27,"","okay gracias","2023_05","2023"
2023-05-27,"","funciono nuevamente aplicacion","2023_05","2023"
2023-05-27,"","contestan tambien","2023_05","2023"
2023-05-29,"","listo mande gracias ","2023_05","2023"
2023-05-29,"","siempre control finanzas tambien movimientos gracias notificaciones qu","2023_05","2023"
2023-05-29,"","quiero trabajar ayudan diciendome","2023_05","2023"
2023-05-30,"","gracias","2023_05","2023"
2023-05-30,"","siempre control finanzas tambien movimientos gracias notificaciones qu","2023_05","2023"
2023-05-30,"","eficiencia","2023_05","2023"
2023-05-31,"","gracias nunca contesto afounadamente quedado resuelto","2023_05","2023"
2023-05-31,"","hola abre cuenta obten boleto dorado mes ganar recomiendo muchisimo cuenta resean bien varios youtubers finanzas","2023_05","2023"
2023-05-31,"","gracias boleto dorado ","2023_05","2023"
2023-06-01,"","gracias apoacion saludos","2023_06","2023"
2023-06-01,"","llamo servicioalcliente mexico verdad asi debe tratar cliente mas meter dinero aprendan","2023_06","2023"
2023-06-01,"","buen dia mas facil obtenga credito alguna caja popular peor lucha saludos","2023_06","2023"
2023-06-02,"","gracias","2023_06","2023"
2023-06-02,"","gracias quedo espera","2023_06","2023"
2023-06-02,"","deje dm solicitando valioso apoyosaludos","2023_06","2023"
2023-06-02,"","gracias mes gratis","2023_06","2023"
2023-06-03,"","gracias envie duda","2023_06","2023"
2023-06-03,"","gracias responder da gusto solucionado rapido ojala asi caso saludos","2023_06","2023"
2023-06-03,"","gracias lic tres aos dice deben negar volvere hacerlo amable atencion abrazo","2023_06","2023"
2023-06-03,"","gracias hare nuevo abrazo fuee ","2023_06","2023"
2023-06-03,"","favor gracias","2023_06","2023"
2023-06-05,"","gracias saludos","2023_06","2023"
2023-06-05,"","gracias responderacabo lograr desbloqueo","2023_06","2023"
2023-06-05,"","espero","2023_06","2023"
2023-06-06,"","jajajajjaja vic trabajo duda dudes mandarme mensajito","2023_06","2023"
2023-06-07,"","gracias","2023_06","2023"
2023-06-07,"","buenos diseos","2023_06","2023"
2023-06-08,"","hola","2023_06","2023"
2023-06-10,"","siempre control finanzas tambien movimientos gracias notificaciones qu","2023_06","2023"
2023-06-12,"16:52:11","gracias pendiente informacion","2023_06","2023"
2023-06-13,"20:36:26","feliz aos santander free cambie tarjeta parecio chulada recomiendo ampliamente","2023_06","2023"
2023-06-15,"22:51:17","hola caso comunique alli resolvieron founa sencillo rapido suee","2023_06","2023"
2023-06-15,"18:35:12","mas facil now saque tarjetas credito","2023_06","2023"
2023-06-16,"19:41:04","perfecto ire punto gracias bebe lol","2023_06","2023"
2023-06-16,"18:03:36","probado bancos tradicionales diferentes momento mejor manejando msi permite ver exactamente cuanto debes total da lista pagos futuros tendras hacer mes mes da cashback efectivo","2023_06","2023"
2023-06-17,"18:00:08","oye excelente tiempo respuesta amable personal centro atencion ","2023_06","2023"
2023-06-18,"17:29:39","listo gracias","2023_06","2023"
2023-06-19,"19:52:35","gracias","2023_06","2023"
2023-06-19,"14:43:55","gracias","2023_06","2023"
2023-06-19,"15:36:18","servie","2023_06","2023"
2023-06-19,"13:32:11","sencillo hacer tipo movimientos celular ademas super tasa rendimiento","2023_06","2023"
2023-06-20,"18:20:40","gracias","2023_06","2023"
2023-06-20,"22:22:06","hola mande dm gracias ","2023_06","2023"
2023-06-20,"21:26:18","gracias entrare levantar repoe","2023_06","2023"
2023-06-20,"06:47:43","mas coqueta beneficios reales ","2023_06","2023"
2023-06-20,"06:10:33","listos palnoe","2023_06","2023"
2023-06-21,"21:22:49","gracias arreglado","2023_06","2023"
2023-06-21,"16:20:21","gracias ","2023_06","2023"
2023-06-21,"22:03:28","gracias resuelto gracias sopoe excelente servicio ","2023_06","2023"
2023-06-21,"03:47:49","gracias felicitacion ","2023_06","2023"
2023-06-21,"16:32:41","nunca habia tipo situacion metodos pago increible operacion sencilla pagar tarjeta pagina web conviee toda mala experiencia usuario servicio","2023_06","2023"
2023-06-22,"16:25:12","vaaaaa gracias dato","2023_06","2023"
2023-06-22,"15:16:55","buen dia saque carro usado merkauto autorizaron credito lunes junio fecha llaman firmar contrato factura puedo saber listo tardando proceso gracias","2023_06","2023"
2023-06-22,"20:38:17","esten bien atentos llega gracias compao correo vean quieren llegar ponganse listos","2023_06","2023"
2023-06-23,"17:14:56","amo bien cabron jaja","2023_06","2023"
2023-06-24,"02:10:01","fiiiin modificaron app detecta huella bonita seccion metricas gastos ah pague temas luz","2023_06","2023"
2023-06-27,"07:20:57","verdad","2023_06","2023"
2023-06-28,"17:42:50","gracias","2023_06","2023"
2023-06-28,"04:45:09","gracias hice quedo ","2023_06","2023"
2023-06-28,"22:48:04","resolvio volviendo instalar app","2023_06","2023"
2023-06-28,"17:28:12","gracias envio","2023_06","2023"
2023-06-29,"17:45:59","buen dia real","2023_06","2023"
2023-06-29,"03:03:50","ps aplicacion mejor visto hsbc banamex nel probado","2023_06","2023"
2023-06-30,"17:26:15","gracias ","2023_06","2023"
2023-06-30,"19:02:11","abri cuenta amo puedes recomiendo inversion ahi ahorros pro mejores rendimientos ","2023_06","2023"
2023-07-01,"04:07:54","respuesta favorable gracias","2023_07","2023"
2023-07-02,"15:01:49","amamos ","2023_07","2023"
2023-07-03,"20:36:54","mas techreo came super bien ademas estan dando regalos inveir ellosseguro facil","2023_07","2023"
2023-07-04,"19:32:32","da gusto pae gran familia finsus saludos ","2023_07","2023"
2023-07-04,"16:46:43","hola gracias pae gran familia finsus ","2023_07","2023"
2023-07-04,"16:23:59","dias disponible","2023_07","2023"
2023-07-04,"15:27:39","finsus siempre gustado aprovechando dejo enlace referido utiliza codigo castillo","2023_07","2023"
2023-07-04,"14:11:14","pedida vale pena precio jajaja","2023_07","2023"
2023-07-04,"09:42:38","duda","2023_07","2023"
2023-07-05,"04:08:16","intenta buenazo","2023_07","2023"
2023-07-06,"05:06:15","ay suena super bien justo anda gustando ahorita nu pae hacer crecer dinero jajk inversion quiero entrarle mas tema mas fan neobanks definitivamente fin mande alv banamex abrire ","2023_07","2023"
2023-07-06,"02:59:57","facil entro pagos elijo tarjeta elijo plazo meses aceptar token error pagado problemas puedo hacer operaciones token problemas","2023_07","2023"
2023-07-06,"02:24:11"," nuevo diseo tdc mamalon chavos pronto regrese usa voy solicitar nuevo diseo carisimo envio cieo obama cieo programa recompensas bastante aceptable eh ","2023_07","2023"
2023-07-06,"02:11:00"," tarjetas credito tdc anualidad diseos chingones aunque usar tdc debes aprender usarla papucho personalmente uso va bien aceptan incluso gabacho checa","2023_07","2023"
2023-07-07,"16:18:25","gracias justo llame dos dias aclaracion espero tardado salga bien","2023_07","2023"
2023-07-07,"01:24:12","gracias acabo mandar correo","2023_07","2023"
2023-07-08,"05:58:28","varias meses usuario heypro fin dieron menos puntos mas taza preferencial inversion","2023_07","2023"
2023-07-09,"20:12:00","perfecto estare atenta gracias","2023_07","2023"
2023-07-10,"17:49:42","rifadisimo personal gusto","2023_07","2023"
2023-07-11,"23:55:24","sirvio gracias ","2023_07","2023"
2023-07-11,"20:50:22","facil usar confiables cuales","2023_07","2023"
2023-07-11,"03:16:37","llego ajolotarjeta encanto aca dejo unboxing vean mas detalles nuevo diseo","2023_07","2023"
2023-07-11,"01:51:29","voy pedir mia preciosa tarjeta ","2023_07","2023"
2023-07-13,"18:28:34","invitamos pae klar comiences disfrutar beneficios ","2023_07","2023"
2023-07-13,"05:36:30","gracias mande correo","2023_07","2023"
2023-07-14,"22:08:32","gracias repoe exacto pague cc","2023_07","2023"
2023-07-14,"20:26:17","realmente dan servicio cliente medio","2023_07","2023"
2023-07-14,"18:55:12","i highly recommend you tolegithhacks on instagram helped out when i had same issues","2023_07","2023"
2023-07-15,"17:01:34","bueno gracias atentos tambien chequen nivel empatia clientes todas formas ","2023_07","2023"
2023-07-15,"04:58:58","dato interesante dado conoces ","2023_07","2023"
2023-07-15,"02:54:54","huy tambien stori mercado credito dias estan mandando sms notificaciones via app whats","2023_07","2023"
2023-07-16,"15:27:21","gracias conteste","2023_07","2023"
2023-07-17,"23:51:26","bien solicite otorgaron elegi diseo ajolotito ","2023_07","2023"
2023-07-18,"18:15:18","gracias","2023_07","2023"
2023-07-18,"17:01:27","this web developers mev strategy is the real deal earning him over eth per week and taking his crypto earnings to new heights","2023_07","2023"
2023-07-18,"14:13:39","buenos dias gracias atencion llame servicio cliente bien aparece asi gracias ","2023_07","2023"
2023-07-18,"05:07:34","buena noche mayo pedi ceificado regalo amazon heycoins viendo pedido aparece procesando algun estimado procesan pedidos gracias","2023_07","2023"
2023-07-19,"23:03:01","jajajaja toman enserio perooo nunca dejare usar cheems videos jajaja hoy video cana","2023_07","2023"
2023-07-19,"19:30:02","pueden atender aqui creo problema","2023_07","2023"
2023-07-19,"16:56:45","esperemos responda sinceramente problemas buen gracias","2023_07","2023"
2023-07-19,"03:18:39","mejor mucha diferencia nk","2023_07","2023"
2023-07-21,"18:19:03","distintas cuentas siempre apoyado llega pasar bbva mejores experiencias","2023_07","2023"
2023-07-21,"18:17:46","recomiendo","2023_07","2023"
2023-07-21,"04:46:51","gracias explicaron amables","2023_07","2023"
2023-07-22,"23:11:44","buena experiencia cashback compras fisicas compras online app facil usar permite inveir anual renovando dias actualmente utilizo cubrir gasto mensual contento","2023_07","2023"
2023-07-22,"11:32:23","menos mes logre desbloquear grandes beneficios gracias brindar herramienta promover","2023_07","2023"
2023-07-23,"22:10:43","enserio wow muchas gracia spor respuesta minutos mas termino abrir cuenta","2023_07","2023"
2023-07-23,"22:09:50","ilimitadas puedes hacer todas quieras plazos gustes mejores rendimientos ofrecemos mejor plataforma digital permite libead financiera","2023_07","2023"
2023-07-23,"17:54:30","gracias conteste","2023_07","2023"
2023-07-24,"23:22:43","thanks for the rec i loved the idea of having digital bank thats pa of the multired consoium of atms but i guess it was not to be ","2023_07","2023"
2023-07-24,"19:58:54","gracias","2023_07","2023"
2023-07-27,"00:01:54","puedes empezar tarjetas credito garantizadas personas historial stori seria mejorcito recibir nomina tambien ayuda bancos tradicionales c","2023_07","2023"
2023-07-28,"22:43:10","hoygan tdc coo fecha limite pago proximo jueves supone pague fecha problema correcto","2023_07","2023"
2023-07-28,"21:02:59","yap","2023_07","2023"
2023-07-28,"20:31:24","dame telefono servicio cliente","2023_07","2023"
2023-07-29,"18:04:22","tomalo lado amable proximo recibo gratis heheheheh","2023_07","2023"
2023-07-29,"05:56:41","jajaja verdad","2023_07","2023"
2023-07-30,"18:08:07","gracias","2023_07","2023"
2023-08-01,"20:01:28","gracias seguimiento quedo resuelto problema","2023_08","2023"
2023-08-01,"17:48:12","excelente servicio cieo dato cosa di datos bancarios pues uso comun cuenta digital utilizo mas ahi llegando transferencias adjunto evidencia","2023_08","2023"
2023-08-01,"14:15:42","quedo solucionado gracias","2023_08","2023"
2023-08-01,"04:41:41","recomiendo x","2023_08","2023"
2023-08-02,"16:57:52","gracias respondi mensaje","2023_08","2023"
2023-08-02,"04:21:34","estaria super","2023_08","2023"
2023-08-04,"23:36:52","facil abre cuenta bancaria nuevos bancos digitales recomiendo mas integrado sistema bancario simplemente fintech","2023_08","2023"
2023-08-04,"00:38:53","recuerdo creo rapido","2023_08","2023"
2023-08-05,"23:09:34","hola buenas tardes ayudan confirmar monto maximo transferir cuenta puedo modificar limites favor gracias","2023_08","2023"
2023-08-05,"04:58:31","gracias habia recomendado conocido daban prestamos salen entonces queria sugerirle opcion amable","2023_08","2023"
2023-08-05,"01:22:22","creo acaba llegar gracias","2023_08","2023"
2023-08-06,"23:28:23","jaja pasa mercado pago acuerdo maravilla","2023_08","2023"
2023-08-07,"22:14:52","resolvieron gran servicio cliente","2023_08","2023"
2023-08-07,"11:17:55","llego hrs espero llegado bien transferencia","2023_08","2023"
2023-08-08,"16:00:40","hice ayer saque todaa lana mejor quedo llevo tiempo problemas tambien recomiendo jalando bien clientes pagan ahi saludos","2023_08","2023"
2023-08-09,"19:43:25","hola gracias explique situacion agradezco respuesta brevedad","2023_08","2023"
2023-08-09,"15:05:31","escribi ahi ayer pelaron","2023_08","2023"
2023-08-10,"00:03:09","hoy primer dia regreso vida oficina mil gracias ","2023_08","2023"
2023-08-12,"18:47:40","fin toco boletodorado ganador senti charlie fabrica chocolates camara faltan heypoints xbox","2023_08","2023"
2023-08-12,"05:53:54","release notes mensaje typo terjeta gusto actualizacion hicieron ver tarjetas","2023_08","2023"
2023-08-15,"21:50:22","justo paso momento final vuelve aparecer rato despues","2023_08","2023"
2023-08-18,"18:05:07","gracias ","2023_08","2023"
2023-08-18,"17:18:46","sugiero encarecidamente comunique bensonhack instagram solucionar problema relacionado cuenta ahi rapido confiable aun puedes graficarlos whatsapp ","2023_08","2023"
2023-08-19,"15:02:37","gracias respondi dm","2023_08","2023"
2023-08-22,"00:52:31","comunidarks recomendaron rappicard uso mas recompensas anualidad ademas da tarjeta dual entonces credito debito rappicard uso cosas mas especificas ej ticketmaster acepta problema","2023_08","2023"
2023-08-23,"17:41:15","quedo resuelto favorablemente queja gracias","2023_08","2023"
2023-08-25,"19:20:41","guen servicio traen siemrpe resuelven bien ","2023_08","2023"
2023-08-25,"02:12:59","resolvieron cargo reconocido tarjeta siempre dicen pueden varios dias proceso tardo semana ","2023_08","2023"
2023-08-28,"21:22:10","gracias lleno datos","2023_08","2023"
2023-08-28,"17:12:16","gracias compair ","2023_08","2023"
2023-08-30,"00:11:50","queja hablan quejas trabajan bien ","2023_08","2023"
2023-08-31,"04:02:55","recompensa total banoe llegan menos dias habiles mail","2023_08","2023"
2023-09-01,"18:06:14","felices contentos clientes hoy pudieron estrenar nuevo hogar inovaserviciosfinancieros cuauhtemocchihuahua creditos","2023_09","2023"
2023-09-01,"16:25:34","perfecto pude entrar app segun dispositivo compatible aunque mas recientes samsung prefiero cambiar cambiar equipo hola saludos","2023_09","2023"
2023-09-01,"00:51:39","bien padre","2023_09","2023"
2023-09-04,"19:50:21","aplausos equipo ","2023_09","2023"
2023-09-05,"23:52:00","quisiera saber puedo acreedor tarjeta credito tradicional debido llevo mas seis meses uso garantizada mejorado historial significativamente","2023_09","2023"
2023-09-05,"19:25:28","jajaja","2023_09","2023"
2023-09-05,"03:39:27","implementado chatbot interesante llamado heygpt resuelve dudas productos sorprendio bastante creo gran avance mejorar experiencia atencion clientes aca cuento","2023_09","2023"
2023-09-05,"02:53:41","uso siempre resuelven rapido mil veces mas rapido vs banamex haha","2023_09","2023"
2023-09-10,"21:18:12","salido buena","2023_09","2023"
2023-09-12,"22:40:28","gracias","2023_09","2023"
2023-09-12,"02:35:10","chulada cuenta buenos rendimientos aplicacion funcionando comisiones ninguna especie necesito ninguna institucion nunca cambien ehhh asi empezo klar cumplio ","2023_09","2023"
2023-09-13,"23:20:30","feliz dia programador trabajo esencial funcionamiento sociedad actual traemos datos impoantes dia profesion heybancomedia diadelprogramador programadores","2023_09","2023"
2023-09-13,"20:45:41","hola gracias conteste via dm","2023_09","2023"
2023-09-13,"20:32:13","solucionado gracias","2023_09","2023"
2023-09-13,"16:02:39","ayuda","2023_09","2023"
2023-09-14,"23:17:46","horas venus todavia estan tiempo ","2023_09","2023"
2023-09-14,"15:38:55","inviee cuestion minutos celular obten ganancias semana conoce hacer crecer dinero inv","2023_09","2023"
2023-09-15,"21:23:57","sirvio actualizar version android mas reciente abre","2023_09","2023"
2023-09-15,"16:46:03","gracias justo funciono","2023_09","2023"
2023-09-16,"23:38:12","elimine cache ajustes app funciono","2023_09","2023"
2023-09-16,"23:23:44","funciono gracias","2023_09","2023"
2023-09-16,"20:21:53","entren ajustes app borren cache funciona","2023_09","2023"
2023-09-16,"05:17:38","funciono","2023_09","2023"
2023-09-16,"04:56:18","gracias quedo resuelto ","2023_09","2023"
2023-09-16,"03:28:28","gracias intentare ","2023_09","2023"
2023-09-17,"23:18:02","gracias tambien funciono reiniciando ","2023_09","2023"
2023-09-17,"15:24:56","qiedo resuelto gracias","2023_09","2023"
2023-09-18,"22:22:18","funciono gracias mejor cuenta oficial","2023_09","2023"
2023-09-18,"18:10:10","gracias informacion sirvio poder acceder aplicacion deberian publicar solucion redes usuarios puedan solucionarlo","2023_09","2023"
2023-09-19,"18:10:58","confirmo hoy septiembre funciona gracias","2023_09","2023"
2023-09-19,"17:56:50","colonia mas bonita cool latinoamerica esperando descubre jonnah moreno increibles recintos disfruta increible belleza heymedia heydelocal guadalajara","2023_09","2023"
2023-09-19,"17:55:31","lugar perfecto sentae trabajar tomas delicioso cafe despues ir joya literatura segunda mano descubre jonnah moreno lugares secretos colonia americana heymedia heydelocal guadalajara","2023_09","2023"
2023-09-19,"17:52:22","cafeterias arquitectura unica bonitos pisos jonnah moreno muestra cara mas apacible colonia americana considerada mas bonita latinoamerica heymedia heydelocal guadalajara","2023_09","2023"
2023-09-19,"16:43:55","gracias mandar actualizacion v app android aplicacion funciona nuevamente tras dias muea varios gracias","2023_09","2023"
2023-09-19,"05:21:53","exacto normal","2023_09","2023"
2023-09-20,"22:28:33","listo gracias ","2023_09","2023"
2023-09-20,"20:42:03","hoy restablecio aplicacion gracias","2023_09","2023"
2023-09-20,"02:42:16","x problema","2023_09","2023"
2023-09-20,"02:09:44","gracias respuesta pude habilitar app","2023_09","2023"
2023-09-22,"22:00:52","nunca fallado contrario mas estables","2023_09","2023"
2023-09-23,"17:15:22","gracias deberia informacion privada mejoren saludos","2023_09","2023"
2023-09-24,"15:49:15","puedo pedir tarjeta perder datos anteriores gracias","2023_09","2023"
2023-09-26,"23:06:29","siempre recomendando llevo meses tarjeta regresar banamex sera solucion","2023_09","2023"
2023-09-26,"22:30:41","hola agradecer publicamente atencion recibida momento mencionar recibi productos solicitado tienda shop gracias","2023_09","2023"
2023-09-26,"18:47:23","envie","2023_09","2023"
2023-09-27,"19:00:56","gracias amo ","2023_09","2023"
2023-09-28,"00:50:29","increible alturas ir activar netkey movil sucursal cambias telefono aprender comprometer seguridad simple rapido misma app","2023_09","2023"
2023-09-30,"05:35:34","sigo pensando gran producto","2023_09","2023"
2023-10-02,"19:50:21","gracias","2023_10","2023"
2023-10-03,"23:23:14","tambien quiero ","2023_10","2023"
2023-10-03,"18:33:09","gracias acabo escribir","2023_10","2023"
2023-10-05,"16:30:02","azteca bien tambien padre manejo","2023_10","2023"
2023-10-06,"21:54:50","hora buena jorge persona reconocida gremio mielero reputacion vale","2023_10","2023"
2023-10-11,"03:04:58"," orale cool ofrece informacion finanzas personales aplicacion habra darle opounidad podcast","2023_10","2023"
2023-10-12,"05:36:25","ganeee quieres pae fiebre puedo referir gracias","2023_10","2023"
2023-10-13,"16:37:56","gracias volvi llamar rapido","2023_10","2023"
2023-10-13,"04:04:23"," estrellas sopoe saben duo dinamico ","2023_10","2023"
2023-10-14,"22:34:37","quedo espera gracias","2023_10","2023"
2023-10-14,"11:56:33","felicidades hicieron posible","2023_10","2023"
2023-10-16,"01:22:55","gracias","2023_10","2023"
2023-10-17,"18:13:26","procedo gracias apoyo","2023_10","2023"
2023-10-18,"12:23:13","recibi ayuda fredhack telegram ayudo recuperar cuenta habilitar autenticacion dos factores cuenta realmente impresionado tambien ayudara problemas pirateria","2023_10","2023"
2023-10-19,"07:14:39","gracias conoci use hoy dejo definitivamente mio recomiendo bancos f","2023_10","2023"
2023-10-20,"23:13:05","vamos sorprender fans queremos dar mas punto elevar experiencia","2023_10","2023"
2023-10-21,"03:46:33","vamos sorprender fans queremos dar mas punto elevar experiencia","2023_10","2023"
2023-10-21,"02:21:31"," inversion","2023_10","2023"
2023-10-22,"03:12:45","vamos sorprender fans queremos dar mas punto elevar experiencia","2023_10","2023"
2023-10-23,"19:55:44","va poner bueno","2023_10","2023"
2023-10-23,"03:32:06","igual tambien sorprendi","2023_10","2023"
2023-10-23,"03:23:34","tambien","2023_10","2023"
2023-10-24,"21:07:14","deberian sorprender app funcional dias borrando instalando dura acceso util","2023_10","2023"
2023-10-24,"19:44:21","listo enviado","2023_10","2023"
2023-10-24,"08:53:57","vamos sorprender fans queremos dar mas punto elevar experiencia","2023_10","2023"
2023-10-25,"23:43:33","buena vez equivoco decia diferente bancos normales incluso apair","2023_10","2023"
2023-10-25,"23:19:19","bueno tiempo tarjeta ira cajon nunca ","2023_10","2023"
2023-10-25,"22:15:53","buena opcion","2023_10","2023"
2023-10-25,"21:43:42","bueno toda historia final adios","2023_10","2023"
2023-10-25,"21:36:59","tarjeta plata trae buen cashback deberias darle revisada","2023_10","2023"
2023-10-26,"20:20:52","spa hospitality bueno siempre agradece masajito aguantar dias festival checa beneficios abono maana prevents exclusiva tecatepalnoe ","2023_10","2023"
2023-10-26,"19:36:54","gracias envie duda","2023_10","2023"
2023-10-26,"18:51:17","ok estare pendiente gracias","2023_10","2023"
2023-10-27,"20:52:45","gracias ultimas recompensas adios vaquero bueno duro","2023_10","2023"
2023-10-27,"20:52:13","maana compramos ","2023_10","2023"
2023-10-27,"20:19:11"," gracias venta exclusiva agotada totalidad venta libre boleto tempranero tendra lugar maana octubre pair hrs","2023_10","2023"
2023-10-27,"20:08:25","gracias gracias venta tempranera tqm","2023_10","2023"
2023-10-27,"19:47:04","tecate pal noe aprovechen hoy buenos descuentos abono tempranero","2023_10","2023"
2023-10-27,"18:44:33","gracias confianza felices formes pae familia klar queremos","2023_10","2023"
2023-10-27,"18:10:40","seria mas adecuado despues costo menos meses prueba scotia tarjeta ideal despues decides","2023_10","2023"
2023-10-28,"20:57:12","gracias sigan propuestas inovadoras seguramente atraeran millones clientes marcaran despues banca mexico seguro felicitaciones paran bloquearon redes sociales genios cansan ganar","2023_10","2023"
2023-10-28,"18:56:45","bueno tiempo tarjeta ira cajon nunca ","2023_10","2023"
2023-10-28,"18:50:44","adquiri membresia mega fan salio beneficio venta exclusiva tecate","2023_10","2023"
2023-10-28,"18:50:27","cayo actualizacion gracias","2023_10","2023"
2023-10-28,"18:44:10","padrisimas nuevas membresias encontre ajusta necesidades contrate recomiendo q","2023_10","2023"
2023-10-28,"15:39:01","depositaron verdad contento servicios espero recapaciten valoren decisiones","2023_10","2023"
2023-10-28,"14:40:52","correcto","2023_10","2023"
2023-10-28,"13:35:53","parece tipo gasolinaras vip","2023_10","2023"
2023-10-28,"13:07:09","bienvenido uala gracias feedback constructivo varios temas resuelven proximos updates mudarse arquitectura bancaria facil afecta cieos procesos viene mejor gracias","2023_10","2023"
2023-10-28,"01:13:56","gracias pude comunicarme creo soluciono problema gracias ","2023_10","2023"
2023-10-29,"02:17:34","buena publicidad ","2023_10","2023"
2023-10-30,"23:34:34","estudiante idea brillante reto emprende espera paicipa gana","2023_10","2023"
2023-10-30,"21:59:22","gracias ","2023_10","2023"
2023-10-30,"21:49:32","ahorita mando correo numero telefonico contacto","2023_10","2023"
2023-10-30,"19:03:02","dale gracias","2023_10","2023"
2023-10-30,"16:28:53","checa creo potencial","2023_10","2023"
2023-10-31,"22:23:42","bien mero alcanzo ","2023_10","2023"
2023-10-31,"21:13:51","gracias confianza felices formes pae familia klar ","2023_10","2023"
2023-10-31,"18:51:34","verdaderamente interesante herramienta inversion personal seria unico tarjeta pagaria plan segun plan pagues dejas dinero dias pueden dar interes anual","2023_10","2023"
2023-10-31,"18:05:15","estan ahorros contigo gracias","2023_10","2023"
2023-10-31,"18:01:11","gracias siempre super atentos efectividad resolver dudas","2023_10","2023"
2023-10-31,"17:44:55","gracias respuesta conteste dm saludos","2023_10","2023"
2023-10-31,"15:53:03","servie","2023_10","2023"
2023-10-31,"14:25:33","estudiante idea brillante reto emprende espera paicipa gana","2023_10","2023"
2023-10-31,"03:59:10","uf buena idea pague coins","2023_10","2023"
2023-10-31,"03:53:34","mejor anualidad mensualidad ","2023_10","2023"
2023-11-01,"19:33:12","bien merecido ","2023_11","2023"
2023-11-01,"02:16:06","encanta publicidad competencia","2023_11","2023"
2023-11-02,"03:53:49","invex acelerador conviene muchisimo gastas k arriba mes ao llevo mil vuelos muchas tarjetitas uber starbies","2023_11","2023"
2023-11-02,"01:00:57","despues ver entrevista creo excelente opcion","2023_11","2023"
2023-11-02,"00:57:59","tweet agradecer rapidez resolvieron cargos reconocidos necesitaba urgentemente dinero robaron tarjeta ayudaron dias tambien cosas buenas deberian compairse gracias","2023_11","2023"
2023-11-02,"00:50:37","reflexione creo estan bien membresias","2023_11","2023"
2023-11-02,"00:14:08","meses lograron aos felicidades","2023_11","2023"
2023-11-02,"00:08:41","mejor idea clientes","2023_11","2023"
2023-11-03,"19:42:24","verdad buenos fraudes cosas asi demas bancos mega desentienden paros vida","2023_11","2023"
2023-11-03,"19:14:00","vi ademas traen primo bono primer ao anualidad da codoo edicion tarjeta rosa considerando seriamente","2023_11","2023"
2023-11-03,"18:35:36","amo amex verdad siento ninguna tratan bien cara anualidad vale toda pena seguridad ofrecen","2023_11","2023"
2023-11-03,"18:12:46","gracias novio saludo alla","2023_11","2023"
2023-11-04,"05:06:01","gracias mandiii","2023_11","2023"
2023-11-07,"18:45:40","same mejor regrese banoe compras riesgo","2023_11","2023"
2023-11-08,"22:57:26","vamos bien ","2023_11","2023"
2023-11-08,"17:43:43","amables gracias","2023_11","2023"
2023-11-08,"16:06:38","listo hice madrugada gracias","2023_11","2023"
2023-11-08,"13:58:57","excelente noticia genial necesidad pagar membresias absurdas tendra arrepentirse","2023_11","2023"
2023-11-09,"17:35:17","defiendete ","2023_11","2023"
2023-11-09,"07:54:23","rendimiento inversion subio perfectamente equilibrado","2023_11","2023"
2023-11-10,"23:36:40","sigues cliente saludos","2023_11","2023"
2023-11-10,"21:16:19","recomendada","2023_11","2023"
2023-11-10,"21:15:29","hazlo excelente opcion aos","2023_11","2023"
2023-11-10,"03:27:47","venganza","2023_11","2023"
2023-11-11,"01:11:31","leccion perros quieren cobrar dan clientes falta cashback van volver tarjeta preferida","2023_11","2023"
2023-11-14,"21:26:38","buen movimiento recuerda mantis kungfu panda agarra cuerdas puente ","2023_11","2023"
2023-11-14,"21:21:37","agree cronica avente","2023_11","2023"
2023-11-14,"18:00:50","gracias ","2023_11","2023"
2023-11-16,"16:22:08","rapido","2023_11","2023"
2023-11-17,"13:44:00","encanta tenee ","2023_11","2023"
2023-11-18,"23:34:22","gracias carnal","2023_11","2023"
2023-11-21,"21:20:08","dudo hahahahahahaha","2023_11","2023"
2023-11-23,"12:49:47","ofrece msi seria bueno ver verdad jajaja","2023_11","2023"
2023-11-25,"17:23:29","beneficios mercado mas competitivo","2023_11","2023"
2023-11-25,"16:40:17","bendita competencia bienvenido cashback asi ciento dice cancion","2023_11","2023"
2023-11-25,"15:49:20","ojo aca regresan recompensas ","2023_11","2023"
2023-11-25,"13:16:52","gracias escuchaste seguire contigo ","2023_11","2023"
2023-11-25,"11:00:45","mejor pudiste hacer amigo","2023_11","2023"
2023-11-25,"04:47:53","tsss bueno ","2023_11","2023"
2023-11-25,"04:44:46","hiciste bien tio ","2023_11","2023"
2023-11-26,"18:53:13","recomiendo tambien mexicano quiebra dientesdeburrousurero","2023_11","2023"
2023-11-26,"16:58:44","gracias respuesta estare atento saludos tio","2023_11","2023"
2023-11-27,"23:58:29","gracias soynumx nubank espero sirva aprendizaje demas plataformas quieren dinero inversionistas fyi dinnactinver uala ualamex mercadopagomex finsusapp","2023_11","2023"
2023-11-27,"09:38:19","increible atencion cliente siempre pagado tiempo plazo pago","2023_11","2023"
2023-11-28,"10:47:12","mejor","2023_11","2023"
2023-11-29,"09:13:31","uni julio resultado util transacciones linea verdad recomiendo","2023_11","2023"
2023-11-30,"10:15:52","gusta iwal mercado pago apae q super practico dinero q ahi inveido gbm genera pesitos extras","2023_11","2023"
2023-12-01,"21:23:51"," promocion clientes aprovecha compras temporada recibe recompensas efectivo list p","2023_12","2023"
2023-12-01,"16:26:31","gustaba repoaba buro credito","2023_12","2023"
2023-12-01,"08:55:31","salido luz coreo completa gusto final indio llama obra interpretan","2023_12","2023"
2023-12-02,"20:22:15","siempre recomendando llevo meses tarjeta regresar banamex sera solucion","2023_12","2023"
2023-12-02,"11:30:48","terminos condiciones favor","2023_12","2023"
2023-12-05,"15:45:46","jajajaja","2023_12","2023"
2023-12-07,"10:11:29","breve leccion economia aprende pagarle cobrar depositar tiempo luchas gazagenocide","2023_12","2023"
2023-12-07,"09:35:45"," llegan nuevos instrumentos financieros ofrecen ciento dinero adicional dia guardes dinero cobra mueves mas seis meses","2023_12","2023"
2023-12-09,"16:38:30","jamas pense quedaria despues todas mamadas estan literalmente mejor opcion fin chingada madre hsbc tremendo pedo compra pesos","2023_12","2023"
2023-12-09,"16:12:02","correcto mas preambulos","2023_12","2023"
2023-12-14,"18:55:33","aparecio buena promo contratar seguro celular","2023_12","2023"
2023-12-14,"11:19:37","canje coins tarjetas regalo amazon instantaneas llegan codigos casi ins","2023_12","2023"
2023-12-14,"10:13:06","excelente pregunta dijeron bro","2023_12","2023"
2023-12-14,"10:10:39","canje coins tarjetas regalo amazon instantaneas llegan codigos casi instante recuerdan paso meses ","2023_12","2023"
2023-12-15,"16:13:32","confirmo dia hoy cambie coins correo confirmacion viene codigo cool realizo compra ","2023_12","2023"
2023-12-17,"16:29:51","amamos recompensas ","2023_12","2023"
2023-12-17,"12:08:17","patrocine mas juegos maratondevir","2023_12","2023"
2023-12-18,"10:31:35","evalue cambiar nu debido tasa rendimiento wow gratamente sorprendida","2023_12","2023"
2023-12-19,"21:07:28","amablemente areaespecializada dio solucion r","2023_12","2023"
2023-12-22,"17:50:55","recomiendo atencion inmediata tambien abrazo felices fiestas abrazo toda familia","2023_12","2023"
2023-12-22,"17:37:53","entiendo baz transfiero credito azteca entra compra genera comision recomiendo accesible","2023_12","2023"
2023-12-22,"15:58:18","excelente gracias informacion","2023_12","2023"
2023-12-22,"11:43:33","hola pepe buenos dias atiende sofia gusto saludae podrias compair via dm mayor detalle situacion presentas aplicacion bbva mexico favor ","2023_12","2023"
2023-12-27,"09:01:38","manifestando ganarme soeo declaro abundancia","2023_12","2023"
2023-12-28,"22:25:18","hola mantenido buen historial duda hacer aumenten linea credito tdc","2023_12","2023"
2023-12-30,"09:31:05","gracias ayer atendieron rapido llamada quedo resuelto","2023_12","2023"
2024-01-01,"14:05:36","ao nuevo novedades nuevas parece ajuste anualidad pro forzado parece mejor opcion","2024_01","2024"
2024-01-01,"09:25:46","transmitir informacion fidedigna real lleva aos operando","2024_01","2024"
2024-01-02,"17:51:09","recomiendo puedes retirar hsbc inbursa comision","2024_01","2024"
2024-01-04,"22:01:23","hoy fanshop pase super chido ademas hice amix ","2024_01","2024"
2024-01-04,"12:03:48","opcion personal podria recomendae tambien buenas promociones msi","2024_01","2024"
2024-01-04,"11:15:48","mejor","2024_01","2024"
2024-01-05,"12:39:28","va gracias mande dm","2024_01","2024"
2024-01-07,"18:53:21","mejor","2024_01","2024"
2024-01-07,"17:46:48","puro mejor nu nu fonite foniteog","2024_01","2024"
2024-01-08,"11:16:15","voy trabajar hermana oye entonnces valido papas oye tema depa jajajaja bueno agradezco alguien alla ayude resolverlo","2024_01","2024"
2024-01-09,"23:55:06","pixel genio","2024_01","2024"
2024-01-09,"00:42:33","bien seor lampi","2024_01","2024"
2024-01-10,"13:37:20","uy contacte incluso mande video correo electronico sealo persona contesto actualice sistema operativo sigue igual sucede app apps bancos funcionan perfecto","2024_01","2024"
2024-01-10,"12:36:49"," promocion clientes aprovecha compras temporada recibe recompensas efectivo list p","2024_01","2024"
2024-01-11,"15:20:48","gracias","2024_01","2024"
2024-01-13,"13:44:57","llame ayudaron gracias","2024_01","2024"
2024-01-14,"14:57:03","limites jajaja gpt gratis","2024_01","2024"
2024-01-15,"12:22:52","quedo solucionado fin semana gracias","2024_01","2024"
2024-01-16,"18:32:25","listo quedo gracias","2024_01","2024"
2024-01-17,"22:32:37","nu mejores andan buscando moverse","2024_01","2024"
2024-01-17,"21:08:35","ocupan excelentes alternativas bancoaztecaenquiebra comisiones contratacion linea k puntos retirar nubank comisiones contratacion linea retiro efectivo supermercados","2024_01","2024"
2024-01-17,"19:54:36","excelentes alternativas comisiones contratacion linea k puntos retirar nubank comisiones contratacion linea retiro efectivo supermercados","2024_01","2024"
2024-01-17,"19:51:13","excelentes alternativas comisiones contratacion linea k puntos retirar nubank comisiones contratacion linea retiro efectivo supermercados","2024_01","2024"
2024-01-17,"19:43:52","excelentes alternativas azteca comisiones contratacion linea k puntos retirar nubank comisiones contratacion linea retiro efectivo supermercados","2024_01","2024"
2024-01-18,"12:58:15","celebramos aos gracias confiar viaje apoyo fundamental","2024_01","2024"
2024-01-19,"11:01:15","buen dia envie correo justo gracias","2024_01","2024"
2024-01-19,"10:06:58","buenos dias maravillosa sorpresa cuenta amanecio ceros ","2024_01","2024"
2024-01-21,"19:07:32","listo","2024_01","2024"
2024-01-21,"18:42:05","raro realizado varias transacciones problema","2024_01","2024"
2024-01-21,"09:09:53","mejor opcion rendimiento ","2024_01","2024"
2024-01-21,"17:58:03","hola tambien gustaria unirme porfa","2024_01","2024"
2024-01-21,"11:46:51","agrega app nunca fallado proceso contratacion agil pues par abres cuenta evalua tarjeta credito depositos transferencias inmediatas","2024_01","2024"
2024-01-22,"17:18:41","dinero deberian darme gracias ao servicios","2024_01","2024"
2024-01-22,"16:00:41","gracias comprometio resolver problema fecha limite enero asi enseguida pondre contacto","2024_01","2024"
2024-01-22,"13:55:08","gracias","2024_01","2024"
2024-01-22,"12:57:27","agradezco atencion pondre contacto","2024_01","2024"
2024-01-23,"12:10:13","mas listos ansiosos desconectate dias acustico tecatepalnoe ","2024_01","2024"
2024-01-25,"21:11:05","funciona mejor ","2024_01","2024"
2024-01-26,"22:23:25","jajajaja ame","2024_01","2024"
2024-01-26,"17:41:58","jajaja","2024_01","2024"
2024-01-29,"18:17:18","hola buenas tardes atiende luz placer saludae gusto podemos apoyae favor escribenos cuenta oficial twitter brindarle seguimiento solicitud compaie informacion correspondiente ","2024_01","2024"
2024-01-29,"15:44:22","listo gracias","2024_01","2024"
2024-01-30,"15:12:47","hola valdria pena hagan cambios dan resumen cambios realizados contrato manden hojas completas charlytip mejora experiencia cliente","2024_01","2024"
2024-02-01,"14:25:36","encantan respuestas fallas repoadas app ","2024_02","2024"
2024-02-01,"00:51:32","debito puedes pedir nu app tmb piden minimo cobran manejo cuenta abri xq pedo nomina banamex usaba ahorrar uso casi heejej tj fisica costo creo","2024_02","2024"
2024-02-02,"11:11:22","aprovecho tuit recomendarles lqm sola queja dos aos","2024_02","2024"
2024-02-06,"11:34:36","interesante","2024_02","2024"
2024-02-07,"02:05:30","mejor aumenten lineas credito ","2024_02","2024"
2024-02-08,"20:20:59","ilimitado jajajaja suena increible","2024_02","2024"
2024-02-08,"19:16:00","mas agradecido peenecer ocupan solucione mero bueno thkss","2024_02","2024"
2024-02-08,"18:30:39","encanta app simplemente increible ademas super intuitiva cashback todas compras","2024_02","2024"
2024-02-08,"05:52:22","aaawww bonito cola ","2024_02","2024"
2024-02-09,"13:05:02","gracias","2024_02","2024"
2024-02-10,"10:12:37","trae humilde chiquito","2024_02","2024"
2024-02-11,"11:40:38","preguntan conseguir tarjeta pueden sacar diseos elegir","2024_02","2024"
2024-02-12,"20:17:49","empezare hacer gracias","2024_02","2024"
2024-02-12,"16:43:13","jajaj fijat dije fin so far so good ","2024_02","2024"
2024-02-12,"16:11:52","mira amixe fin abri cuenta llego super rapido dias dhl pues encantado ","2024_02","2024"
2024-02-13,"17:03:36","celebra amor estilo san valentin descubre ultimas colecciones marcas favoritas aqui somoshey heymedia sanvalentin regalos","2024_02","2024"
2024-02-13,"16:16:21","comerciales ganadores kansas chiefs dejo superbowl ao somoshey heymedia comerciales sblviii michaelcera jlo mainscorsese","2024_02","2024"
2024-02-13,"12:07:46","favor apoyo saber modulos cdmx gracias","2024_02","2024"
2024-02-19,"12:04:17","arreglo gracias","2024_02","2024"
2024-02-20,"09:38:29","tenencia msi amo ","2024_02","2024"
2024-02-21,"15:10:57","fin recupere cuenta amo ","2024_02","2024"
2024-02-22,"10:15:48","perfecto","2024_02","2024"
2024-02-29,"21:07:53","gracias informacion util","2024_02","2024"
2024-03-01,"23:39:44","meses tdc garantizada buen uso van graduar recuerdo contrate decia meses buen uso ","2024_03","2024"
2024-03-01,"19:35:31","nunca falla ","2024_03","2024"
2024-03-01,"04:46:39","gracias sali apuro gracias ","2024_03","2024"
2024-03-02,"14:24:38","gracias revise","2024_03","2024"
2024-03-06,"20:09:14","jaja gracias ","2024_03","2024"
2024-03-06,"16:28:42","recomiendo","2024_03","2024"
2024-03-08,"02:06:50","sabado perpetuo ","2024_03","2024"
2024-03-13,"21:34:41","gracias atencion","2024_03","2024"
2024-03-13,"20:40:01","gracias quedo ","2024_03","2024"
2024-03-15,"01:51:01","agree contigo versh ","2024_03","2024"
2024-03-16,"16:45:25","hice mail sugerencia app cuanto den facilidades modificaractualizar dato numero cel responden comunique telefono ver digan ahi facilidad ayuda viene nomas sacan apuros ","2024_03","2024"
2024-03-18,"17:23:05","gracias atencion","2024_03","2024"
2024-03-18,"17:13:48","hola buenos dias atiende luz placer saludae impoantes comentarios interesa saber mas experiencia puedes brindar mayor detalle situacion presentas favor ","2024_03","2024"
2024-03-19,"18:48:19","gracias hable via telefonica resolvio inquietud","2024_03","2024"
2024-03-22,"21:40:28","amo gran experiencia ir shop lxs tqm","2024_03","2024"
2024-03-23,"21:38:20","recomendaron charliehack telegram ayudae solucionar problema recupere mio ayuda asi recomiendo mejor mas rapida opcion","2024_03","2024"
2024-03-26,"06:00:06","buen dia alguna promocion msi pago tenencia saludos","2024_03","2024"
2024-03-27,"20:47:08","recomiendo aunque siento dificil aprueben nunca historial banamex menos escuchado casos asi primera tdc recomiendo tiempo daban recompensas compras tarjeta","2024_03","2024"
2024-03-27,"02:21:57","gracias invitarnos conocer mas coleccion retro asi detalles obsequios tarjeta anime acorde comprar boletos cine nueva pelicula rascaldoesnotdream","2024_03","2024"
2024-03-28,"20:07:52","hola encantados asistie mejor manera invitamos escribas dm gusto ayudaremos toda informacion requieres pendientes","2024_03","2024"
2024-03-28,"18:00:54","gracias didi confianza incrementar linea credito k mean ofreciendo credito gracias faltaria msi","2024_03","2024"
2024-03-28,"17:31:57","hola gracias acabo enviar correo","2024_03","2024"
2024-03-30,"19:47:37","hola mande dm ","2024_03","2024"
2024-03-30,"18:47:15","ayer gane sombrerito real quedaba outfit jajajaja feliz festival chulearon ","2024_03","2024"
2024-03-31,"23:19:35","diferencia demostrado verdadera comprension necesidades clientes gracias hacer posible proyectos hagan realidad ","2024_03","2024"
2024-03-31,"02:47:12","amo chingo ","2024_03","2024"
2024-04-04,"08:41:17","akamba regresa gracias aprovecha venta pre cael presentada disfruta etapa unica","2024_04","2024"
2024-04-04,"01:05:10","mio resolvio facil entra banca linea computadora dira bloqueado pones token cel listo suee","2024_04","2024"
2024-04-05,"02:55:10","mas suficiente","2024_04","2024"
2024-04-07,"23:22:19","recomendaron charliehack telegram ayudae solucionar problema recupere mio ayuda asi recomiendo mejor mas rapida opcion","2024_04","2024"
2024-04-10,"21:57:10","tambien necesito ayuda","2024_04","2024"
2024-04-10,"16:53:34","listo","2024_04","2024"
2024-04-10,"16:05:30","gracias solucione","2024_04","2024"
2024-04-12,"17:19:20","buenos dias llevo fin semana tratando pagar tarjetas transferir cuenta principal regresan todas transferecias ayuda","2024_04","2024"
2024-04-15,"23:44:20","asi gano carrera fintech aplicacion siempre funciona amigable cliente","2024_04","2024"
2024-04-16,"17:41:40","gracias","2024_04","2024"
2024-04-17,"04:45:42","gracias ","2024_04","2024"
2024-04-18,"17:28:23","gracias","2024_04","2024"
2024-04-18,"15:59:11","amo gracias pude entrar app saludos ","2024_04","2024"
2024-04-18,"04:34:45","sigue dejarme aumentar linea tarjeta credito garantizada","2024_04","2024"
2024-04-21,"15:21:43","confirmo gracias estimado","2024_04","2024"
2024-04-23,"22:52:05"," acuerdo gracias","2024_04","2024"
2024-04-23,"21:30:12","tio van graduar tdc garantizada mas ao saque recuerdo decian meses buen uso ayuda c","2024_04","2024"
2024-04-25,"00:51:24","duda ver problemas aumentar linea credito tarjeta garantizada app deja marca error pasa igual telefonos","2024_04","2024"
2024-04-26,"13:30:56","wey mejor puedo pagar apple pay ","2024_04","2024"
